3,对于银行汇路不畅的经常项目交易，境内机构可以收取外币现钞，并存入经办银行转为现汇：,A．对    B．错,2,B,题解
3,银行办理结售汇业务，应当遵循“了解业务、了解客户、尽职审查”的原则。,A．对    B．错,2,A,题解
3,出口收结汇待核查帐户资金不得与其他外汇帐户之间随意划转，但不同待核查帐户之间的资金可以划转。,A．对    B．错,2,B,题解
3,企业可以根据其真实合法的进口付汇需求提前购汇存入其经常项目外汇账户。,A．对    B．错,2,A,题解
3,企业的贸易外汇收支范围不包括深加工结转项下境内收付款。,A．对    B．错,2,B,题解
3,若通过监测系统查询企业连续一年未发生贸易外汇收支业务，外汇局可将其从“贸易外汇收支企业名录”中撤销。,A．对    B．错,2,B,题解
3,银行办理结售汇业务期间，发生名称变更、营业地址变更的，银行应在变更之日起30日内向批准其结售汇业务资格的外汇局备案。,A．对    B．错,2,A,题解
3,国际收支出现严重失衡时，外汇局可直接将资金流与货物流规模与结构存在异常的重点监测企业列为B类或C类企业。,A．对    B．错,2,A,题解
3,在“离岸业务部”办理涉外收付款业务的机构和个人，应分别按照其注册地和有效证件判断其居民/非居民身份。,A．对    B．错,2,A,题解
3,金融机构需凭外汇局签发的《货物贸易外汇业务登记表》为企业办理外汇业务的，应通过监测系统签注《登记表》的使用情况。,A．对    B．错,2,A,题解
3,核查对象应该配合外汇局进行现场核查，要求提交相关书面材料的，应当在收到《现场核查通知书》之日起5个工作日内提交。,A．对    B．错,2,B,题解
3,国际收支申报中的涉外收付款只包括外币不包括人民币。,A．对    B．错,2,B,题解
3,根据货物贸易外汇管理指引，对C类企业贸易外汇收支业务，以及外汇局认定的其他业务，由外汇局实行事后逐笔登记管理。,A．对    B．错,2,B,题解
3,境内机构以备用金名义使用资本项目收入的，单一机构每月备用金（含意愿结汇和支付结汇）支付累计金额不得超过等值10万美元。,A．对    B．错,2,B,题解
3,“境外居民”是指在境内办理收付款业务的外国居民。,A．对    B．错,2,B,题解
3,已开办出口收入存入境外业务A类企业被列入B类的，应当在列入之日起30天内关闭境外账户并调回境外账户余额。,A．对    B．错,2,B,题解
3,存放境外资金调回境内无需进入出口收入待核查账户，可直接入经常项目外汇账户。,A．对    B．错,2,A,题解
3,A类企业出口退汇原路退回且未超期限不需要到外汇局审批，由银行审核相关材料后办理。退汇金额与原收款金额一致，也应进行差额业务报告。,A．对    B．错,2,B,题解
3,企业贸易信贷业务执行完毕后需在监测系统对相应报告进行注销操作。,A．对    B．错,2,B,题解
3,代理进口业务项下，委托方可凭委托代理协议将外汇划转给代理方，也可购汇后将外汇划转给代理方。,A．对    B．错,2,B,题解
3,企业货物贸易项下提前购汇资金用于符合规定的理财产品，因产品未到期暂不能用于支付的，可以进行再次购汇。,A．对    B．错,2,B,题解
3,出口项下的退汇境内付款人应为原收款人，境外收款人为原付款人。,A．对    B．错,2,A,题解
3,“关注名单”内个人的关注期限为列入“关注名单”的当年及之后连续3年。,A．对    B．错,2,B,题解
3,待核查账户中的外汇不能用于外汇融资和理财业务，可以用于质押人民币贷款，公检法等执法部门也可以依法直接从待核查账户划款。,A．对    B．错,2,B,题解
3,对于已进行贸易信贷、贸易融资、转口贸易或差额等业务报告的收汇或进口数据，因贸易主体不一致，需进行贸易主体不一致业务报告。,A．对    B．错,2,B,题解
3,某企业一笔收汇包含多种性质而误将服务贸易款项进入了待核查账户，银行根据企业情况说明及相关单证将服务贸易款项从待核查账户转入经常项目账户。,A．对    B．错,2,A,题解
3,在实行资本项目外汇收入意愿结汇的同时，境内机构仍可选择按照支付结汇制度使用其外汇收入。,A．对    B．错,2,A,题解
3,转口贸易外汇收入应当转入企业待核查账户，企业转口贸易对外支付可使用原收汇进入待核查账户的资金。,A．对    B．错,2,B,题解
3,金融机构在为企业办理外汇资金入账前，应查询企业名录状态，无需与企业确定收汇资金性质。,A．对    B．错,2,B,题解
3,境内投资主体设立或控制的境外企业在境外再投资设立或控制新的境外企业无需办理外汇备案手续。,A．对    B．错,2,A,题解
3,国际收支申报号码，是指由银行按外汇局要求编制的号码，共22位。第1至12位为金融机构标识码。,A．对    B．错,2,A,题解
3,境内机构的外汇收入可以调回境内或者存放境外，但境内个人的外汇收入必须调回境内。,A．对    B．错,2,B,题解
3,金融机构为企业办理贸易收汇的退汇支付时，对于因错误汇入产生的退汇，应当审核原收汇凭证；对于其他原因产生的退汇，应审核原收入申报单证、原出口合同。,A．对    B．错,2,A,题解
3,XXX企业一笔货物贸易项下出口收汇，未在外汇管理局进行名录登记，银行可以先进行入账处理。,A．对    B．错,2,B,题解
3,企业的转口贸易外汇收入可以不进入待核查账户。,A．对    B．错,2,B,题解
3,A类企业办理转口贸易项下外汇收入业务，不必等到相应转口贸易对外支付后办理。,A．对    B．错,2,A,题解
3,待核查账户中的外汇不能用于质押人民币贷款、外汇融资或理财业务，可以划入客户在其他银行开立的同名待核查账户。,A．对    B．错,2,B,题解
3,货物贸易项下人民币收入应先入待核查账户，企业提交银行可接受的《跨境人民币收款说明》或相关业务凭证后，银行才可把这笔收入划入企业的人民币账户。,A．对    B．错,2,B,题解
3,金融机构不得为不在“贸易外汇收支企业名录”内的机构直接办理服务贸易外汇收支业务。,A．对    B．错,2,B,题解
3,境内企业可以根据真实合法的进口付汇需求提前购汇，但提前购汇与对外支付须在同一家金融机构办理。,A．对    B．错,2,A,题解
3,同一笔离岸转手买卖业务可以在不同银行网点采用同一币种（外币或人民币）办理收支结算。,A．对    B．错,2,B,题解
3,企业可将具有真实、合法交易背景的出口收入存放境外。,A．对    B．错,2,A,题解
3,外汇局依托货物贸易外汇监测系统按季对企业的贸易外汇收支进行非现场核查。,A．对    B．错,2,B,题解
3,按照“谁出口谁收汇、谁进口谁付汇”原则，代理进口、出口业务应当由委托方付汇、收汇。,A．对    B．错,2,B,题解
3,一份《登记表》可在多家金融机构使用，可分次使用，可签注多笔付汇信息。,A．对    B．错,2,B,题解
3,分类结果发布后，分类结果生效时间为分类信息发布的次日。,A．对    B．错,2,A,题解
3,自助兑换机是指办理外币与人民币之间兑换业务的自助机具。,A．对    B．错,2,A,题解
3,企业出口贸易融资款误入待核查帐户的，金融机构可直接为企业办理待核查帐户结汇或划转手续。,A．对    B．错,2,A,题解
3,银行应留存境内机构资本项目外汇收入结汇及使用的相关证明材料2年备查,A．对    B．错,2,B,题解
3,B、C类企业30天以上（不含）的预收货款和预付货款，应当在收款或付款之日起30天内，通过监测系统企业端向外汇局报告相应的预计出口或进口日期等信息。,A．对    B．错,2,B,题解
3,待核查账户的收入范围包含出口贸易融资项下境内金融机构放款及境外回款。,A．对    B．错,2,B,题解
3,A类企业的预收货款或预付货款无需做贸易信贷业务报告。,A．对    B．错,2,B,题解
3,银行为保税区企业办理保税货物项下外汇收支业务时，必须查询企业的名录状态。,A．对    B．错,2,A,题解
3,辅导期的截止日期是按首笔进出口业务发生日期开始计算的。,A．对    B．错,2,B,题解
3,保税区内与境内区外之间货物贸易、服务贸易项下交易，可以以人民币或外币计价结算。,A．对    B．错,2,B,题解
3,金融机构在办理货物贸易B类企业付汇、开证、出口贸易融资放款或待核查账户资金结汇或划出手续时，应当进行电子数据核查，通过监测系统扣减其对应的可收付汇额度。,A．对    B．错,2,A,题解
3,经常项目外汇收支应当具有真实、合法的交易基础。,A．对    B．错,2,A,题解
3,银行授权外币代兑机构办理外币兑换业务，应在授权协议签署后30个工作日内，将授权协议、外币代兑机构营业执照等基本信息向所在地外汇局报告。,A．对    B．错,2,B,题解
3,柜面在办理对公外汇账户关户业务后，需要登录“外汇账户管理信息系统（银行版）”，手工上报关户报告。,A．对    B．错,2,B,题解
3,境内居民个人通过境内银行与境内非居民个人之间发生的人民币收付款暂不申报。,A．对    B．错,2,A,题解
3,外汇局对于新列入名录的企业实施辅导期管理。在其进出口业务发生之日起90天内，外汇局进行政策法规、系统操作等辅导。,A．对    B．错,2,B,题解
3,转口贸易项下的出口收汇无须进入待核查账户。,A．对    B．错,2,B,题解
3,代理出口业务由代理方收汇后划转入委托方经常项目结算账户。,A．对    B．错,2,A,题解
3,金融机构不得为不在名录企业办理贸易外汇收支业务。,A．对    B．错,2,A,题解
3,企业在银行开立信用证时名录状态为“A”，在收到单据准备付汇时，发现企业名录状态变更为“B”，则银行在对该企业进行电子核查后才能予以结汇或划转。,A．对    B．错,2,B,题解
3,“境外居民”是指在境外办理收付款业务的中国居民。,A．对    B．错,2,A,题解
3,具有对外贸易经营权的个人与保税监管区域内企业可以将出口收入存放境外。   ,A．对    B．错,2,B,题解
3,按规定已提取但未使用完的服务贸易项下外币现钞，可以结汇或存入原提取外币现钞所使用的外汇账户。,A．对    B．错,2,A,题解
3,贸易融资款误入待核查账户可直接办理结汇或划出。,A．对    B．错,2,A,题解
3,境内机构外币现钞收付是指境内机构发生的外币现钞的收取、提取以及相关的结汇和购汇等行为。,A．对    B．错,2,A,题解
3,境内机构经常项目可以收付外币现钞，但资本项目交易不得收付外币现钞。,A．对    B．错,2,B,题解
3,对B类企业贸易外汇收支实施电子数据核查管理。,A．对    B．错,2,A,题解
3,境内居民个人通过境内银行与境内非居民个人之间发生的人民币收付款需要申报。,A．对    B．错,2,B,题解
3,待核查账户之间的资金可以相互划转，账户资金按活期存款计息。,A．对    B．错,2,B,题解
3,货物贸易项下人民币收入不进入待核查账户，可直接划入企业人民币账户。,A．对    B．错,2,A,题解
3,总量差额是指企业最近12个月内被外汇局纳入核查的贸易收支累计差额与货物进出口累计差额之间的偏差。,A．对    B．错,2,A,题解
3,场外清算是指非居民交易商的交易资金不通过交易所账户进行清算，而是由居民和非居民交易商双方自行清算。该模式下，相关非居民交易商应作为申报主体，在与非居民交易商发生资金收付时进行申报。,A．对    B．错,2,B,题解
3,B类企业出口项下外币现钞收入结汇无需实施电子数据核查。,A．对    B．错,2,B,题解
3,一份《货物贸易外汇登记表》只能在一家金融机构使用，可以分次使用，但不可以签注多笔收汇信息。,A．对    B．错,2,B,题解
3,服务贸易外汇收入，可以自行保留或办理结汇；服务贸易外汇支出，可以使用自有外汇支付或者以人民币购汇支付。,A．对    B．错,2,A,题解
3,区内与境内区外之间货物贸易项下交易，可以以人民币或外币计价结算；服务贸易项下交易应当以人民币计价结算。,A．对    B．错,2,A,题解
3,境内机构仅能与一家银行签订协议成为外币代兑机构。,A．对    B．错,2,A,题解
3,境内机构服务贸易外汇收入存放境外，应开立存放境外外汇账户。境外存放账户的账户余额不得高于其上年度服务贸易外汇收入总规模的30%。,A．对    B．错,2,B,题解
3,服务贸易外汇收入要按规定的条件、期限等调回境内，不得存入境外。,A．对    B．错,2,B,题解
3,外币代兑机构是指与具有对私结售汇业务资格的境内商业银行（含农村合作金融机构）及其分支行签订协议，经银行授权办理外币与人民币之间兑换业务的境内机构,A．对    B．错,2,A,题解
3,国家对服务贸易项下国际支付不予限制。,A．对    B．错,2,A,题解
3,个人年度总额内购汇、结汇可以委托任何人代为办理。,A．对    B．错,2,B,题解
3,通过银行柜台办理的小于等值100美元（含）的尾零结汇可以不纳入个人结售汇系统。,A．对    B．错,2,A,题解
3,对于个人分拆结售汇特征明显、银行能够确认为分拆结售汇行为的，应不予办理。,A．对    B．错,2,A,题解
3,个人年度总额内购汇、结汇，可以委托其直系亲属代为办理。,A．对    B．错,2,A,题解
3,银行应留存境内机构资本项目外汇收入结汇及使用的相关证明材料2年备查。,A．对    B．错,2,B,题解
3,电子形式的服务贸易外汇收支交易单证，金融机构审查认可后应当打印纸质文件留存，并在纸质文件上签章。,A．对    B．错,2,A,题解
3,个人居民身份在实践中按照身份证、护照等有效证件中的国籍来认定。即，持有外国护照等有效证件的个人，认定为非中国居民，持有中国居民身份证或其他中国有效证件的个人，认定为中国居民。,A．对    B．错,2,A,题解
3,当境内居民从境内非居民收款时，为便于境内收款银行识别该笔款项的来源并通知境内居民及时办理申报，境内付款银行在办理其非居民客户向境内居民付款业务时，应在付款报文的附言中注明 “NonResident”字样。,A．对    B．错,2,A,题解
3,根据《国家外汇管理局关于进一步促进贸易投资便利化完善真实性审核的通知》，货物贸易外汇管理分类等级为B类的企业暂停办理离岸转手买卖外汇收支业务。,A．对    B．错,2,A,题解
3,个人在办理外汇业务时，应当遵守个人外汇管理有关规定，不得以分拆等方式规避额度及真实性管理。国家外汇管理局及其分支局（以下简称外汇局）对规避额度及真实性管理的个人实施“黑名单”管理。,A．对    B．错,2,B,题解
3,外币代兑机构可为持本人有效身份证件的个人办理外币兑换人民币的单向兑换业务，每人每日累计不超过等值1万元人民币，且每年不得超过等值5万元人民币。,A．对    B．错,2,A,题解
3,境内银行代客境外结汇，交易附言需注明实际交易性质、结汇国家（地区）及结汇币种，如“**业务在**（国家或地区）**（币种）结汇”。,A．对    B．错,2,A,题解
3,服务贸易项下退汇：应在申报凭证的退款栏目中进行确认或在交易附言栏目中无需标明“退汇”字样。,A．对    B．错,2,B,题解
3,自助兑换机可办理个人外币现钞兑换人民币现钞的单向兑换，不纳入个人外汇业务监测系统管理，但每个人每天不得超过等值10000元人民币。,A．对    B．错,2,B,题解
3,自2016年1月1日起，个人外汇业务监测系统在全国上线运行，个人结售汇管理信息系统同时停止使用。具有结售汇业务经营资格的银行（以下简称银行），应通过个人外汇业务监测系统办理个人结汇、购汇等个人外汇业务，及时、准确、完整地报送相关业务数据信息。,A．对    B．错,2,A,题解
3,根据汇发（2016）4号文件，境内主体从境外收到一笔外汇款项，解付前境内银行代其进行境外结汇，之后以人民币汇入境内并贷记境内客户账，此类交易的实质是境内银行代客境外结汇，“收入款币种”应申报为人民币，“付款人常驻国家（地区）”应申报为境外结汇国家（地区）。,A．对    B．错,2,B,题解
3,外商投资企业分配红利属于资本项下外汇支出。,A．对    B．错,2,B,题解
3,境内个人在境外获得的合法资本项目收入经外汇局核准后可以结汇。,A．对    B．错,2,A,题解
3,个人结算账户的开立应要求个体工商户提供组织机构代码证，数据统一录入对公1500项下；如遇特殊情况无法提供组织机构代码证的，无需账户备案，可直接为其开立个人结算账户，数据统一录入对私1500项下。,A．对    B．错,2,A,题解
3,金融机构办理服务贸易外汇收支业务，应当将审查后的交易单证作为业务档案留存5年备查。,A．对    B．错,2,A,题解
3,境外机构或个人从境内获得的保险服务、金融服务等费用收入，单笔在5万元以下的，无须缴纳税款。,A．对    B．错,2,B,题解
3,居民个人购汇后，因故未出境，所购外汇不论是年度总额内还是年度总额外均可以保留现汇。,A．对    B．错,2,A,题解
3,境外个人结购汇年度总额为等值5万美元。,A．对    B．错,2,B,题解
3,对于已经申报的涉外收入或支出的错汇款，经办银行应当删除该笔错汇款项的申报数据，并在系统中说明删除原因。,A．对    B．错,2,A,题解
3,个人手持外币现钞汇出境外当日累计不得超过等值1万美元。,A．对    B．错,2,B,题解
3,境外个人原兑换未用完的人民币兑回外汇，凭本人有效身份证件和原兑换水单办理，兑回有效期为子兑换日起24个月。,A．对    B．错,2,A,题解
3,机构申报主体未在涉外收入款项解付后的5个工作日内按规定办理涉外收入申报情节严重的，经办银行可对该主体实行“不申报、不解付”的特殊处理措施。,A．对    B．错,2,B,题解
3,境内个人境外留学、旅游、探亲等因私用汇，无须办理和提交《服务贸易等项目对外支付税务备案表》。,A．对    B．错,2,A,题解
3,同一笔合同需要多次对外支付的，境内机构和个人须在每次付汇前办理对外支付税务备案手续，每次付汇都应提交合同（协议）或相关交易凭证复印件。,A．对    B．错,2,B,题解
3,境内企业接受或向境外营利性机构或境外个人捐赠，其捐赠外汇账户开立、使用、变更、关闭按照经常项目外汇账户管理相关规定办理。,A．对    B．错,2,B,题解
3,单位统一为其员工办理了个人信用卡，用于员工的出差结算。现因境外出差费用发生美元欠款，单位可以购汇给个人还款。,A．对    B．错,2,A,题解
3,境内机构可以为具有关联关系的境内外机构办理代垫或分摊的服务贸易费用，但代垫或分摊期限不得超过6个月。,A．对    B．错,2,B,题解
3,境内机构对外支付发生在境外的赔偿款，支付金额超过等值5万美元的，银行可仅审核法院判决书或仲裁机构出具的仲裁书和《服务贸易等项目对外支付税务备案表》办理。,A．对    B．错,2,B,题解
3,未按照相关规定进行服务贸易外汇收支信息报告的，由外汇局责令改正，给予警告，对境内机构处10万元以下的罚款，对个人可以处5万元以下的罚款。,A．对    B．错,2,B,题解
3,外币信用卡持卡人在ATM取现和在POS消费，目前无须进行国际收支统计间接申报。,A．对    B．错,2,A,题解
3,境内机构和个人向境外单笔支付等值5万美元以上（不含等值5万美元）的外汇资金均应向所在地主管国税机关进行税务备案。,A．对    B．错,2,B,题解
3,境内机构支付在境外发生的差旅、会议、商品展销等各项费用需办理和提交《税务备案表》。,A．对    B．错,2,B,题解
3,境内机构支付在境外代表机构的办公经费，以及境内机构在境外承包工程的工程款无需办理和提交《税务备案表》。,A．对    B．错,2,A,题解
3,办理单笔等值5万美元以上国际运输项下的服务贸易外汇收支业务需审查运输发票或运输单据或运输清单。,A．对    B．错,2,A,题解
3,个人结汇和购汇实行年度总额管理，分别为每人每年等值5万美元。,A．对    B．错,2,B,题解
3,个体工商户经常项目项下经营性外汇结售汇，应通过个人结算账户办理，也要纳入个人年度限额管理。,A．对    B．错,2,B,题解
3,旅行支票兑换外币现钞按提钞规定办理，提钞超过等值1万美元，需向外汇局事前报备；旅行支票可以直接存入外汇储蓄账户，暂不需提供海关申报单。,A．对    B．错,2,A,题解
3,境内进出口企业不可直接支付运费给境外海运企业。,A．对    B．错,2,B,题解
3,境外个人结汇单笔等值5万美元以上的，应将结汇所得人民币资金直接划至交易对方的境内人民币账户。,A．对    B．错,2,A,题解
3,美国人约翰持美元来中国旅游，在银行兑换了3000元人民币，离境时把未花完的人民兑成欧元现钞，该业务属于外币汇兑回业务。,A．对    B．错,2,A,题解
3,对于个人分拆结售汇特征明显、银行能够确认为分拆结售汇行为的，应不予办理。,A．对    B．错,2,A,题解
3,服务贸易外汇收支应当具有真实、合法的交易基础。境内机构和境内个人不得以虚构交易骗取资金收付，不得以分拆等方式逃避外汇监管。,A．对    B．错,2,A,题解
3,个人对外贸易经营者、个体工商户通过外汇结算账户办理的经常项目项下经营性外汇购结汇，应纳入个人结售汇系统管理。,A．对    B．错,2,B,题解
3,个体工商户经营性购汇，银行不需审核与代理企业签定的进口代理合同或协议。,A．对    B．错,2,B,题解
3,对通过外汇局“系统”办理的因私售汇业务，居民个人在户口所在地以外的银行不可以办理。,A．对    B．错,2,B,题解
3,外汇结算账户是指个人对外贸易经营者、个体工商户按照规定开立的用以办理经常项目项下经营性外汇收支的账户。其开立、使用和关闭按个人账户进行管理。,A．对    B．错,2,B,题解
3,具有对私结售汇业务资格的银行网点不可以办理个人贸易结售汇业务。,A．对    B．错,2,B,题解
3,银行应配合外汇局对规避额度及真实性管理的个人及相关机构的核查，并在个人外汇业务检测系统推送相关信息之日起的15天内，反馈个人结汇资金去向、购汇资金来源及外汇局要求的其他信息。,A．对    B．错,2,B,题解
3,银行为A类企业办理提前购汇业务时，仅需审核合同、发票或报关单。,A．对    B．错,2,B,题解
3,个体工商户委托有对外贸易经营权的企业办理出口的，只能通过委托企业的结算账户收汇、结汇。,A．对    B．错,2,B,题解
3,根据《服务贸易外汇管理指引》规定，国家对服务贸易项下国际支付不予限制，境内机构和个人可根据实际需要将服务贸易外汇收入调回境内或存放境外。,A．对    B．错,2,B,题解
3,境内机构所有捐赠外汇账户的开立、使用、变更、关闭都按照经常项目外汇账户管理相关规定办理。,A．对    B．错,2,B,题解
3,国家对个人的境外收入采取自愿申报制度。,A．对    B．错,2,B,题解
3,国家对经常项目的国际支付和转移不予限制。,A．对    B．错,2,A,题解
3,境内个人在年度总额内购汇或结汇，可以委托他人代办办理。,A．对    B．错,2,B,题解
3,在境内机构工作的外籍华侨港、澳、台人员办理购、付汇不需提交税务凭证。,A．对    B．错,2,B,题解
3,外汇管理机关在调查或者进行检查时，执法人员不得少于两人，并应当向当事人或者有关人员出示证件。,A．对    B．错,2,A,题解
3,从外汇储蓄账户中提钞，单笔或当日累计在有关规定允许携带外币现钞出境金额之下的，可以在银行直接办理。,A．对    B．错,2,A,题解
3,个人在5日内从同一外汇储蓄账户5次以上(含)提取接近等值1万美元外币现钞视为个人分拆结售汇行为。,A．对    B．错,2,A,题解
3,境内机构和居民个人可以以外币现钞或人民币现钞购汇购买外币旅行支票。,A．对    B．错,2,B,题解
3,服务贸易外汇收入，可以自行保留或办理结汇；服务贸易外汇支出，可以使用自有外汇支付，不得以人民币购汇支付。,A．对    B．错,2,B,题解
3,境内机构和境内个人从事服务贸易活动应当符合国家规定，需经国家相关主管部门审批、核准、登记、备案等的，在办理服务贸易外汇收支前，应先办妥有关手续。,A．对    B．错,2,A,题解
3,服务贸易项下退汇，按照原汇入或汇出资金交易性质规定的交易单证和整个退汇过程的相关说明或证明材料，退汇金额不得超过原汇入或汇出金额，且原路汇回。,A．对    B．错,2,A,题解
3,金融机构办理服务贸易外汇收支业务，应当将审查后的交易单证作为业务档案留存3年备查。,A．对    B．错,2,B,题解
3,根据服务贸易外汇管理实施细则规定，境内机构存放境外资金规模即境外存放账户的账户余额，不得高于其上年度服务贸易外汇收入总规模的50%。,A．对    B．错,2,A,题解
3,自2016年6月15日起，境内企业（包括中资企业和外商投资企业，不含金融机构）外债资金均可按照意愿结汇方式办理结汇手续。,A．对    B．错,2,A,题解
3,超过年度总额的购汇、结汇以及境外个人购汇，不能委托他人办理。,A．对    B．错,2,B,题解
3,个人外汇结算账户可以根据真实合法的进口付汇需求提前购汇存入外汇结算账户。因合同变更等原因导致个人提前购汇后未能对外支付的，个人可自主决定结汇或继续保留。,A．对    B．错,2,A,题解
3,个人经常项目项下非经营性购汇，购汇资金来源可以是直系亲属人民币账户和银行卡内资金。,A．对    B．错,2,A,题解
3,出境人员一次出境携带等值为5千美元以下的外币现钞，应向存款或购汇银行申领《携带外汇出境许可证》。,A．对    B．错,2,B,题解
3,外汇局已不再对外币代兑机构和自助兑换机的外币兑换业务实施事前准入许可。,A．对    B．错,2,A,题解
3,境内机构和个人填写服务贸易外汇收支管理信息时，在申报凭证相应栏位中必须填写合同号、发票号。,A．对    B．错,2,B,题解
3,办理单笔等值5万美元以下的服务贸易外汇收支业务无需审核交易单证。,A．对    B．错,2,B,题解
3,办理服务贸易境内外汇划转业务，由收款方金融机构审查并留存交易单证。,A．对    B．错,2,B,题解
3,境内个人对外直接投资符合有关规定的，经银行审核后可以购汇或以自有外汇汇出。,A．对    B．错,2,B,题解
3,外币储蓄存款活期帐户的开户起存金额为等值5美元的外币。,A．对    B．错,2,B,题解
3,直系亲属指父母、子女、配偶、兄妹。,A．对    B．错,2,B,题解
3,境内个人对外捐赠和财产转移需购付汇的，应当符合有关规定并经外汇局核准。,A．对    B．错,2,A,题解
3,境内机构向境外捐赠，需按相关规定提交《服务贸易等项目对外支付税务备案表》，收款方如为非营利机构可免于提供。,A．对    B．错,2,B,题解
3,境内个人投资者以自有外汇投资B股的，其本金和投资收益不得结汇。,A．对    B．错,2,B,题解
3,"自《国际收支统计申报业务指引（2016年版）》实施以后，境内付款银行在办理其非居民客户向境内居民付款业务时，必须在付款报文的附言中注明“NRA PAYMENT”或“OSA PAYMENT"".",A．对    B．错,2,B,题解
3,银行为A、B类企业办理货物贸易外汇收入时，可以直接将外汇资金解付至经常项目账户。,A．对    B．错,2,B,题解
3,服务贸易项下国际赔偿款审核原始交易合同、赔款协议（赔款条款）和整个赔偿过程的相关说明或证明材料以及法院判决书或仲裁机构出具的仲裁书或有权调解机构出具的调解书等。,A．对    B．错,2,B,题解
3,办理服务贸易境内外汇划转业务，由划付方金融机构按相关规定审查并留存交易单证。,A．对    B．错,2,A,题解
3,驻华使领馆外交人员办理个人购结汇及存取款业务时，不受有关限额限制。,A．对    B．错,2,A,题解
3,境内个人所购外汇累计金额超过年度等值50000英镑（含）限额的，还应提供购汇资金用途证明材料。,A．对    B．错,2,B,题解
3,境内个人年度总额内经常项目非经营性结售汇和境外个人年度总额内经常项目非经营性结汇可通过电子银行办理。,A．对    B．错,2,A,题解
3,个人对外贸易经营者从事对外货物贸易经营活动，可以直接到银行办理结、购汇手续，也可以通过个人对外贸易结算账户和外币储蓄账户直接办理。,A．对    B．错,2,B,题解
3,金融机构对境外资产负债及损益申报是指，金融机构及其分支机构必须向所在地外汇局申报其对外全部资产、负债状况及其变动情况。,A．对    B．错,2,B,题解
3,属于个人所有的外汇，可以自行持有，也可以存入银行或卖给外汇指定银行。,A．对    B．错,2,A,题解
3,经常项目外汇收支应当具有真实合法的交易基础。,A．对    B．错,2,A,题解
3,个人旅行支票按照外币现汇有关规定办理。,A．对    B．错,2,B,题解
3,境内个人外汇储蓄账户外汇汇出境外，凭本人有效身份证件办理。,A．对    B．错,2,B,题解
3,“境内非居民“是指通过境内银行办理收付款业务的非中国居民，包括境外中央银行、银行、非银行机构和个人。,A．对    B．错,2,A,题解
3,为规避汇率风险，境内客户之间可以用外币计价，用外币作为结算货币。,A．对    B．错,2,B,题解
3,人民币汇率实行以市场供求为基础的、有管理的浮动汇率制度。,A．对    B．错,2,A,题解
3,个人经常项目项下经营性外汇收入可以进入外汇储蓄账户。,A．对    B．错,2,B,题解
3,境内公司境外上市募集资金可调回对应的境内专用账户或存放境外专用账户。,A．对    B．错,2,A,题解
3,除另有规定外，境内机构经常项目和资本项目交易不得收付外币现钞。,A．对    B．错,2,A,题解
3,反洗钱只需关注外汇单位账户中的机构经常项目外汇账户，对机构资本项目外汇账户可不予关注。,A．对    B．错,2,B,题解
3,境内代表机构经常项目账户资金不得结汇购买境内商品房。,A．对    B．错,2,A,题解
3,保税区内与境内区外之间货物贸易、服务贸易项下交易，可以以人民币或外币计价结算。,A．对    B．错,2,B,题解
3,外汇管理机关经省级外汇管理机关负责人批准后，有权查询被调查外汇违法事件的当事人和直接有关的单位、个人的账户，也包括个人的储蓄存款账户。,A．对    B．错,2,B,题解
3,当事人对外汇管理机关作出的具体行政行为不服的，可以依法申请行政复议，也可以直接向人民法院提起行政诉讼。,A．对    B．错,2,B,题解
3,境内机构并不包括外国驻华外交领事机构和国际组织驻华代表机构。,A．对    B．错,2,A,题解
3,居民个人及来华人员的经常项目下外汇可以保留。,A．对    B．错,2,A,题解
3,在实行资本项目外汇收入意愿结汇后，境内机构不可选择按照支付结汇制使用其外汇收入。,A．对    B．错,2,B,题解
3,个人购汇提钞或从外汇储蓄账户中提钞，单笔或当日累计在有关规定允许携带外币现钞出境金额之下的，可以在银行直接办理。,A．对    B．错,2,A,题解
3,境内机构资本项目项下可以收付外币现钞。,A．对    B．错,2,B,题解
3,经常项目外汇账户的收入范围为经常项目外汇收入，支出范围为经常项目外汇支出和经外汇局核准的资本项目外汇支出。,A．对    B．错,2,A,题解
3,境内机构或个人因支付境内银行费用或者归还境内银行贷款而向境内银行境外账户支付的款项无需申报。,A．对    B．错,2,A,题解
3,间接申报现场核查是对申报主体或协助申报的境内银行涉外收付款申报业务及相关情况的现场核查。,A．对    B．错,2,A,题解
3,境内机构发行外币股票收入的外汇可以自行结汇。,A．对    B．错,2,B,题解
3,境内机构可自行变更境外外汇帐户的开户行、收支范围、帐户最高金额和使用期限等内容。,A．对    B．错,2,B,题解
3,境外机构境内外汇账户从境内外收汇、相互之间划转、与离岸账户之间划转或者向境外支付，境内银行可以根据客户指令等直接办理，但国家外汇管理局另有规定除外。,A．对    B．错,2,A,题解
3,违反规定携带外汇出入境的，由外汇管理机关给予警告，可以处违法金额30%以下的罚款。,A．对    B．错,2,B,题解
3,金融机构不可以为驻华使领馆直接开立经常项目外汇账户，应凭外交部相关批准文件等材料到所在地外汇局进行基本信息登记，才可以办理。,A．对    B．错,2,B,题解
3,以NRA帐户中的资金余额作为境内机构从境内银行获得贷款的质押物，应按照境内贷款项下境外担保外汇管理规定办理。,A．对    B．错,2,A,题解
3,NRA账户凭相关证明材料到当地外汇局核准后，可以存放外币现钞，可以在合理用途范围内资金结汇后划转到相应的人民币账户。,A．对    B．错,2,B,题解
3,外币代兑机构办理的外币兑换业务不纳入个人外汇业务监测系统管理。,A．对    B．错,2,A,题解
3,境外机构境内外汇账户与境外，境内之间发生资金收支，开立境外机构境内外汇账户的企业应办理国际收支统计申报。,A．对    B．错,2,B,题解
3,境内机构、驻华机构一般不允许开立外币现钞账户，个人及来华人员一般不允许开立用于结算的外汇账户。,A．对    B．错,2,A,题解
3,外汇管理机关依法进行监督检查或者调查，监督检查或者调查人员不得少于2人，且应当出示证件。,A．对    B．错,2,A,题解
3,银行应在个人外汇业务监测系统推送相关信息之日起的30天内，反馈个人结汇资金去向、购汇资金来源及外汇局要求的其他信息。,A．对    B．错,2,B,题解
3,分次办理外币现钞业务，经办银行每次应在审查后的交易单证上注明金额、日期，加盖业务印章。,A．对    B．错,2,A,题解
3,关于境外机构境内外汇账户，境内银行为境外机构开立外汇账户时，应当在企业名称前统一标注NRA(NON-RESIDENTACCOUNT)。,A．对    B．错,2,B,题解
3,内保外贷发生担保履约的，成为对外债权人的境内担保人或境内反担保人，无需办理对外债权登记。,A．对    B．错,2,B,题解
3,外债转贷款债务人可凭开户申请和转贷款协议直接在银行办理开户手续。,A．对    B．错,2,A,题解
3,外债转贷款债务人可凭转贷款协议和还款通知书等直接到银行办理还款手续。,A．对    B．错,2,A,题解
3,银行应按照外汇管理规定，将非银行债务人的外债账户、提款、使用、偿还、结售汇等信息报送外汇管理局。,A．对    B．错,2,A,题解
3,境内机构经常项目外币现钞的收付，应当具有真实、合法的交易基础。,A．对    B．错,2,A,题解
3,境外机构境内外汇账户资金余额，可不纳入境内银行短期外债指标管理。,A．对    B．错,2,B,题解
3,公司单笔提取不超过等值20000美元的外币现钞，可持规定的有效凭证直接到银行办理。,A．对    B．错,2,B,题解
3,出境人员一次出境携带等值为5000美元以上、10000美元（含）以下的外币现钞，应向存款或购汇银行申领《携带外汇出境许可证》。,A．对    B．错,2,A,题解
3,境内机构，是指中华人民共和国境内的国家机关、企业、事业单位、社会团体、部队等，包括外国驻华外交领事机构和国际组织驻华代表机构。,A．对    B．错,2,B,题解
3,外汇局对以借用他人额度等方式规避额度及真实性管理的个人，列入“关注名单”管理，并通过银行以《个人外汇业务“关注名单”告知书》予以告知。,A．对    B．错,2,A,题解
3,境内海关特殊监管区内和境内区外企业之间的服务贸易可以人民币或外币计价结算；区内行政管理机构的各项规费应当以人民币计价结算。,A．对    B．错,2,B,题解
3,如债务人以外汇质押人民币贷款发生违约，由贷款行按偿还人民币贷款本息和相关费用金额以及当日该行挂牌的现汇买入价，计算应收外汇金额并直接办理结汇。,A．对    B．错,2,A,题解
3,境内企业通过境内金融机构外汇质押人民币贷款时，质押外汇可来源于所有经常项目外汇账户。,A．对    B．错,2,B,题解
3,“资本项目”是指国际收支中因资本输出和输入而产生的资产与负债的增减项目，包括直接投资、各类贷款、证券投资、贸易收支等。,A．对    B．错,2,B,题解
3,允许携带外币现钞入境免申报金额为3000美元以下。,A．对    B．错,2,B,题解
3,境内居民个人能持外币现钞购买旅行支票。,A．对    B．错,2,A,题解
3,个人提取外币现钞当日累计等值2万美元以下(含)的，可以在银行直接办理。,A．对    B．错,2,B,题解
3,手持外币现钞汇出当日累计等值超过1万美元的，凭经常项目项下有交易额的真实性凭证，经海关签章的《中华人民共和国海关进境旅客行李物品申报单》或本人原存款银行外币现钞提取单据办理。,A．对    B．错,2,A,题解
3,在境内机构工作的外籍华侨港、澳、台人员办理购、付汇不需提交税务凭证。,A．对    B．错,2,B,题解
3,银行同业之间、获准经营个人本外币兑换业务的非金融机构同业之间及上述机构之间，因外币存款、兑换等业务发生外币现钞收付的，可根据实际需要直接办理，,A．对    B．错,2,A,题解
3,个人外汇结算账户与本人的外汇储蓄账户间资金不可以划转。,A．对    B．错,2,B,题解
3,服务贸易项下，同一笔合同需要多次对外支付的，备案人需在首次付汇前办理税务备案手续，同时提交合同（协议）或相关交易凭证复印件。,A．对    B．错,2,B,题解
3,银行经营业务中获得的外汇收入，扣除支付外汇开支和结汇支付境内外汇业务日常经营所需人民币开支，应统一纳入外汇利润管理，不得单独结汇。,A．对    B．错,2,A,题解
3,境内海关特殊监管区内与境内区外之间货物贸易项下交易可以以人民币或外币计价计算。,A．对    B．错,2,A,题解
3,符合条件的经常项目交易，境内机构可以收取外币现钞，但应按规定在经办银行办理结汇，不得存入经办银行转为现汇,A．对    B．错,2,A,题解
3,银行应当遵循“了解你的客户”原则，切实履行贸易融资真实性、合规性审查职责，积极支持实体经济真实贸易融资需求，防止企业虚构贸易背景套取银行融资。,A．对    B．错,2,A,题解
3,银行在事后核查中发现个人涉嫌分拆结售汇的，应注意收集相关线索，避免同一个人再次办理分拆业务，同时于发现之日起３个工作日内向国家外汇管理局所在地分支局报告。,A．对    B．错,2,A,题解
3,国家外汇管理局在改进海关特殊监管区域经常项目外汇管理有关规定后，区内企业办理货物贸易外汇支付手续时，如提供的正本进口货物报关单或进境货物备案清单上的经营单位为其他机构，区内企业无须提供付汇人与经营单位不一致说明及可证实交易真实性及该不一致情况的商业凭证及海关监管单证。,A．对    B．错,2,B,题解
3,境外机构境内外汇账户户名应与其在境外合法注册成立的证明文件(或对应的中文翻译)记载的名称一致。,A．对    B．错,2,A,题解
3,企业外汇账户归企业所有，可根据企业需要在不同性质外汇账户内进行资金调拨。,A．对    B．错,2,B,题解
3,国际外汇资金主账户内资金不占用企业外债指标，但应按规定办理外债登记。,A．对    B．错,2,A,题解
3,NRA账户与境内机构和境内个人之间的外汇收支，由境内机构或个人进行国际收支间接申报。,A．对    B．错,2,A,题解
3,境内银行为境外机构开立外汇账户，应当审核境外机构在境外合法注册成立的证明文件等开户资料。证明文件等开户资料为非中文的，还应同时提供对应的中文翻译。除国家外汇管理局另有规定外，不需经国家外汇管理局及其分支局批准。,A．对    B．错,2,A,题解
3,外汇指定银行不能自行调整美元现汇和现钞的买卖价格。,A．对    B．错,2,B,题解
3,按规定已提取但未使用完的服务贸易项下外币现钞，可以结汇或存入原提取外币现钞所使用的外汇账户。,A．对    B．错,2,A,题解
3,境外机构、境外个人在境内从事有价证券或者衍生产品发行、交易，无需符合市场准入的规定，但必须按照国务院外汇管理部门的规定办理登记。,A．对    B．错,2,B,题解
3,银行业金融机构在经批准的经营范围内可以直接向境外提供商业贷款。,A．对    B．错,2,A,题解
3,境内机构、驻华机构允许开立外币现钞账户。,A．对    B．错,2,B,题解
3,驻华机构应当持有关部门批准设立机构的文件及工商登记证到外汇局登记备案，领取《对外贸易经营者备案登记表》，并凭此到开户银行办理开户手续。,A．对    B．错,2,B,题解
3,中资开户金融机构为境内机构开立外汇帐户后，应该在开户回执上注明帐号，币种和开户日期，并加盖该金融机构戳记。,A．对    B．错,2,A,题解
3,对于境内银行离岸账户（OSA账户），应区别由居民开立还是非居民开立，但居民开立的OSA账户也应视为非居民。,A．对    B．错,2,B,题解
3,由境内机构单方面出具的或者通过网络下载（传真）的交易单证，应当由境内机构加盖具有法律效力的印章或签字证明。,A．对    B．错,2,A,题解
3,NRA账户是指境外机构按规定在境内银行开立的外汇账户，不包括境外机构境内离岸账户。,A．对    B．错,2,A,题解
3,未经外汇局批准，NRA账户不得直接或者变相将该外汇账户内资金结汇，但可以存取现钞。,A．对    B．错,2,B,题解
3,"目前,境内企业(包括中资企业和外商投资企业，不含金融机构)外债资金暂不能按照意愿结汇方式办理结汇手续。",A．对    B．错,2,B,题解
3,结汇待支付账户内的人民币资金可以购汇划回资金项目外汇账户。,A．对    B．错,2,B,题解
3,A类企业所有贸易外汇收入可暂不入出口收入待核查账户，可直接进入经常项目外汇账户或结汇。,A．对    B．错,2,B,题解
3,同一笔离岸转手买卖业务可在同一家银行不同网点采用同一币种办理收支结算。,A．对    B．错,2,B,题解
3,境外机构境内外汇账户，包括境外机构境内离岸账户。,A．对    B．错,2,B,题解
3,违反规定携带外汇出入境的，由外汇管理机关给予警告，可以处违法金额20%以下的罚款。,A．对    B．错,2,A,题解
3,《个人外汇管理办法实施细则》（汇发[2007]1号）第九条第（二）项“结汇凭与代理企业签订的出口代理合同或协议、代理企业的出口货物报关单办理。”已被修改为“结汇凭合同及物流公司出具的运输单据等商业单证办理。,A．对    B．错,2,A,题解
3,金融机构为个人开立外汇结算账户后，应按规定向外汇局报送外汇结算账户开销户、收支情况等信息。,A．对    B．错,2,A,题解
3,自2014年3月17日起，银行间即期外汇市场人民币兑美元交易价浮动幅度由1%扩大至2%。,A．对    B．错,2,A,题解
3,个人及来华人员外汇或外钞存取自由，对于超过等值5000美元以上的大额外币现钞存取，应当向开户银行提供身份证或者护照，开户银行应逐笔登记备案。,A．对    B．错,2,B,题解
3,境内机构和境内个人与境外机构境内外汇账户之间的外汇收支，按照跨境交易进行管理。,A．对    B．错,2,A,题解
3,待核查账户中的外汇不能用于质押人民币贷款、外汇融资或理财业务。,A．对    B．错,2,A,题解
3,远期结汇到期时，银行在为客户办理远期结汇时，在坚持实需原则下，可自主选择全额或差额结算。,A．对    B．错,2,A,题解
3,外汇掉期业务中因客户远端无法履约而形成的银行外汇敞口，应纳入结售汇综合头寸统一管理。,A．对    B．错,2,A,题解
3,孙小姐为美国人，在义乌工作，工资为人民币，欲购汇美元汇到美国，银行为其办理购汇业务时，需要审查其本人有效身份证件和有相关证明材料（含税务凭证）办理购汇。,A．对    B．错,2,A,题解
3,银行在办理直接投资外汇登记业务过程中，如遇规定不明确、数据不准确或发生异常情况的，应及时向银行所在地外汇局反馈。,A．对    B．错,2,B,题解
3,境内机构等值5万美元（含）以下利润汇出，原则上不再审核交易单证。,A．对    B．错,2,A,题解
3,资本项目外汇支出，只能以自有外汇支付。,A．对    B．错,2,B,题解
3,放款人可使用其自有外汇资金和经外汇局核准的外币资金池资金向借款人进行境外放款，但不得购汇进行境外放款。,A．对    B．错,2,B,题解
3,担保人为非银行机构的，可凭担保登记文件直接到银行办理担保履约项下购汇及对外支付。,A．对    B．错,2,A,题解
3,外汇局对出借本人额度协助他人规避额度及真实性管理的行为的个人实施“关注名单”管理。,A．对    B．错,2,A,题解
3,多笔外债转贷款可以共用一个转贷款账户。,A．对    B．错,2,A,题解
3,境内债务人对外支付担保费，可按照服务贸易外汇管理有关规定直接向银行申请办理。,A．对    B．错,2,A,题解
3,外保内贷担保履约后形成债务人对外负债的，债务人应办理外债登记，但可不纳入普通外债额度限制。,A．对    B．错,2,A,题解
3,境内机构为自身债务提供跨境物权担保的，不需要办理担保登记。,A．对    B．错,2,A,题解
3,同一内保外贷业务下存在多个境内担保人的，可自行约定其中一个担保人到所在地外汇局办理登记手续。,A．对    B．错,2,A,题解
3,未经外汇局核准，已存入外债转贷款账户用于还款的购汇或自有外汇资金，不得再次办理结汇手续。,A．对    B．错,2,A,题解
3,个人可以其个人外汇储蓄账户中自有外汇或人民币等境内合法资金参与股权激励计划。,A．对    B．错,2,A,题解
3,境内投资者可以以外币现钞形式投资证券经营机构发行的相关产品。,A．对    B．错,2,B,题解
3,银行办理外商投资企业利润汇出时，应审核利润汇出金额是否与董事会决议及税务证明中的金额一致，企业本年度处置金额原则上不得超出最近一期财务审计报告中属于外方股东的“应付股利”与“未分配利润”合计金额。,A．对    B．错,2,A,题解
3,银行在为外商投资企业办理利润汇出时，金额在等值5万（不含）美元以上的需审核《服务贸易等项目对外支付税务备案表》原件。,A．对    B．错,2,A,题解
3,"境内机构使用资本项目收入办理结汇和支付时,均应填写《资本项目账户资金支付命令函》。",A．对    B．错,2,A,题解
3,经商务主管部门批准成立的投资性外商投资企业从事境内股权投资，其资本金可在境内任意划转。,A．对    B．错,2,B,题解
3,外商投资企业资本金专用存款账户的人民币资金可以转存为一年期以内（含一年）的存款。,A．对    B．错,2,A,题解
3,内保外贷项下如发生履约，担保人为银行的，需经国家外汇管理局核准后才可办理办理担保履约项下对外支付。,A．对    B．错,2,B,题解
3,非银行债务人可开立用于办理提款和还款的外债专用账户，也可根据实际需要开立专门用于外债还款的还本付息专用账户。,A．对    B．错,2,A,题解
3,外商投资企业借用的外债资金可以结汇使用。,A．对    B．错,2,A,题解
3,短期外债可用于流动资金，也可用于固定资产投资等中长期用途。,A．对    B．错,2,B,题解
3,外汇管理局对内保外贷和外保内贷实行核准管理。,A．对    B．错,2,B,题解
3,境内机构办理外保内贷业务，债权人可自行办理与担保履约相关的收款。,A．对    B．错,2,A,题解
3,担保人办理内保外贷业务，在遵守国家法律法规、行业主管部门规定及外汇管理规定的前提下，可自行签订内保外贷合同。,A．对    B．错,2,A,题解
3,债务人可通过向境内进行借贷、股权投资或证券投资等方式将担保项下资金直接或间接调回境内使用。,A．对    B．错,2,B,题解
3,外商投资房地产企业未取得《国有土地使用证》的，或开发项目资本金未达到项目投资总额35%的，不得向境外借用外债.,A．对    B．错,2,A,题解
3,担保人为非银行金融机构或企业的，应在签订担保合同后10个工作日内到所在地外汇局办理内保外贷签约登记手续。,A．对    B．错,2,B,题解
3,在境内发行B股的企业开B股专用账户，应当持规定材料向所在地外汇局申请，由所辖外汇局分局初审后，由国家外汇管理局审核批准。,A．对    B．错,2,B,题解
3,前期费用外汇账户资金来源仅限于境外汇入(非居民存款账户、离岸账户视同境外），不得以现钞存入。,A．对    B．错,2,A,题解
3,办理境外放款资金汇出业务时，如企业本次汇出金额超过尚可汇出金额的，银行可根据实际合同金额酌情予以办理。,A．对    B．错,2,B,题解
3,收到他行划入的资本金结汇人民币资金，应在3个工作日内（含划入当日）根据支付命令函办理该笔资金的对外支付手续。,A．对    B．错,2,B,题解
3,境内直接投资项下各类外汇账户内资金一般由境外汇入，也可以现钞存入。,A．对    B．错,2,B,题解
3,境内直接投资账户内资金使用完毕后，银行可在外汇局登记后为开户主体办理关户。,A．对    B．错,2,B,题解
3,境内机构资本项目外汇收入意愿结汇比例暂定为90%。,A．对    B．错,2,B,题解
3,外债结汇后人民币资金不能用于偿还境内金融机构发放的人民币贷款。,A．对    B．错,2,A,题解
3,银行办理境外投资企业利润汇回时，无需审核该企业外汇年检参检状态。,A．对    B．错,2,B,题解
3,拥有对外金融资产、负债的中国居民个人 ，不需要申报其对外金融资产、负债的有关情况。 ,A．对    B．错,2,B,题解
3,直接投资项下外汇账户所产生的利息或收益，申请人可在经常项目保留或凭利息、收益清单结汇。,A．对    B．错,2,A,题解
3,融资租赁类公司开展对外融资租赁业务时，需受现行境内企业境外放款额度限制。,A．对    B．错,2,B,题解
3,银行为境内机构办理等值5万美元（含）以下利润汇出，原则上可不再审核交易单证。,A．对    B．错,2,A,题解
3,直接投资项下同名同类型账户间（资本项目-结汇待支付账户除外）外汇资金划转，银行可在审核真实性证明文件后直接办理。,A．对    B．错,2,A,题解
3,外商投资企业资本金账户资金使用管理规定，未办理出资确认登记的资金不得使用（包括但不限于结汇、付汇、境内划转）。,A．对    B．错,2,A,题解
3,外国投资者专用外汇账户内资金可以以现汇汇入，也可以参照外汇资金本账户管理规定，以现钞存入。,A．对    B．错,2,B,题解
3,保证金专用外汇账户区分为境外汇入保证金专用账户和境内划入保证金专用账户两类，境外汇入保证金专用账户可开立多个，境内划入保证金专用账户每个开户主体只能开立一个。,A．对    B．错,2,B,题解
3,银行可以直接办理金融资产管理公司处置不良资产的入账和结汇手续。,A．对    B．错,2,A,题解
3,保证金专用外汇账户内资金仅作为交易保证用途，不得结汇，不得用于质押贷款。,A．对    B．错,2,A,题解
3,外保内贷业务发生担保履约的，在境内债务人偿清其对境外担保人的债务之前，未经外汇局批准，境内债务人应暂停签订新的外保内贷合同；已经签订外保内贷合同但尚未提款或尚未全部提款的，可以继续提款。,A．对    B．错,2,B,题解
3,境内债务人因外保内贷项下担保履约形成的对外负债，其未偿本金余额不得超过其上年度末经审计的净资产数额的50%。,A．对    B．错,2,B,题解
3,外商投资者应全额登记外国投资者各类出资形式及金额。,A．对    B．错,2,A,题解
3,未经外汇局批准，已存入外债转贷款账户用于还款的购汇或自有外汇资金，不得再次办理结汇手续。,A．对    B．错,2,A,题解
3,债务人可以以转贷款还本付息的名义重复购汇并办理对外支付。,A．对    B．错,2,B,题解
3,短期外债原则上只能用于流动资金，不得用于固定资产投资等中长期用途。,A．对    B．错,2,A,题解
3,内保外贷是指担保和债务人注册地在境内、债权人注册地在境外的跨境担保。,A．对    B．错,2,B,题解
3,前期费用账户的有效期限为6个月（自开户之日起）,A．对    B．错,2,A,题解
3,因境外投资者受让境内不良资产导致原有担保的受益人改变为境外投资者的，该担保不纳入对外担保管理。,A．对    B．错,2,A,题解
3,外保内贷业务发生担保履约的，境内债务人应到所在地外汇局办理签约登记及相关信息备案手续。,A．对    B．错,2,A,题解
3,国家外汇管理局对人民币合格投资者发起设立开放式基金投资额度实行发生额管理，开放式基金累计净汇入的人民币资金不得超过经批准的投资额度。,A．对    B．错,2,B,题解
3,合格境外机构投资者在规定时间内未足额汇入本金但超过等值2000万美元的，以实际汇入金额作为其投资额度。,A．对    B．错,2,A,题解
3,境内公司加购其境外股票，可使用符合有关规定的境外资金，也可境内汇出资金。,A．对    B．错,2,A,题解
3,个人参与境外上市公司股权激励计划并通过境内代理机构开立的境内专用外汇账户进行涉外收付款时，境内个人应按规定办理国际收支统计间接申报。,A．对    B．错,2,B,题解
3,境内银行在境外设立的非法人分支机构，从境外债权人办理借款，或为境外机构向境内、外债权人提供担保，不纳入境内银行的外债或对外担保管理和统计。,A．对    B．错,2,A,题解
3,经外汇局登记的前期费用（含跨境人民币），可作为外国投资者后续设立外商投资企业的出资。,A．对    B．错,2,A,题解
3,经外汇局登记的前期费用（不含跨境人民币），可作为外国投资者后续设立外商投资企业的出资。,A．对    B．错,2,B,题解
3,外商投资企业借用的外债资金不可以结汇使用。,A．对    B．错,2,B,题解
3,单一机构每月备用金（含意愿结汇和支付结汇）支付累计金额不得超过等值10万美元。,A．对    B．错,2,B,题解
3,未经国务院批准，任何政府机关、社会团体、事业单位不得举借外债或对外担保。,A．对    B．错,2,A,题解
3,融资租赁类公司开展对外融资租赁业务时，受现行境内企业境外放款额度限制。,A．对    B．错,2,B,题解
3,融资租赁类公司可直接到所在地银行开立境外放款专用账户，用于保留对外融资租赁租金收入。,A．对    B．错,2,A,题解
3,因境外投资者受让境内不良资产导致原有担保的受益人改变为境外投资者的，该担保不纳入对外担保管理。,A．对    B．错,2,A,题解
3,移民财产转移购付汇核准，由移民原户籍所在地外汇局负责审批。继承财产转移购付汇核准，由被继承人生前户籍所在地外汇局负责审批。取消财产转移总金额超过等值人民币100万元报国家外汇管理局备案的要求。,A．对    B．错,2,B,题解
3,取消移民财产转移分次汇出的要求。申请人向原户籍所在地外汇局办理移民财产转移核准手续后，银行可在核准件审批额度内一次或分次汇出相关资金。,A．对    B．错,2,A,题解
3,取消继承人从不同被继承人处继承的财产应分别申请、分别汇出的要求。继承人从不同被继承人处继承财产，可选择其中一个被继承人生前户籍所在地外汇局合并提交申请材料，经核准后可在银行一次或分次汇出相关资金。,A．对    B．错,2,A,题解
3,境内个人可作为担保人并参照非银行机构办理内保外贷业务。,A．对    B．错,2,A,题解
3,外国投资者专用外汇账户内资金可以以现汇汇入，也可以参照外汇资本金账户管理规定，不得以现钞存入。,A．对    B．错,2,A,题解
3,外国投资者前期费用账户等其他境内直接投资账户资金结汇参照资本金结汇有关规定办理。,A．对    B．错,2,A,题解
3,境外机构在境内设立的分支、代表机构，在注册登记地购买符合实际需要的自用商品房，外汇指定银行进行真实性审核确认后，将购房外汇资金结汇后划入结汇企业的人民币账户。,A．对    B．错,2,B,题解
3,境内代表机构经常项目账户资金不得结汇购买境内商品房。,A．对    B．错,2,A,题解
3,境外机构设立的境内分支、代表机构及境外个人转让所购境内商品房取得的人民币资金，银行审核相关材料后，可为其办理购汇及对外支付手续。,A．对    B．错,2,A,题解
3,境内企业境外放款可以通过外汇指定银行以及经批准设立并具有外汇业务资格的企业集团财务公司以委托贷款方式进行。,A．对    B．错,2,A,题解
3,外商投资企业分配红利属于资本项下外汇支出。,A．对    B．错,2,B,题解
3,个人移居国外后，其境内的资产产生的收益，属于资本项目收益，应当留在国内。,A．对    B．错,2,B,题解
3,资本项目外汇账户，实行贷方累计限额管理。“累计贷方发生额”的控制范围包括：定期转回、保证金转回、定期利息转回、自身利息。,A．对    B．错,2,B,题解
3,根据国家外汇管理局进一步改进和调整资本项目外汇管理政策通知，银行为境内机构办理等值10万美元（含）以下利润汇出，原则上可不再审核交易单证。,A．对    B．错,2,B,题解
3,外保内贷业务发生担保履约的，在境内债务人偿清其对境外担保人的债务之前，未经外汇局批准，境内债务人应暂停签订新的外保内贷合同；已经签订外保内贷合同但尚未提款或尚未全部提款的，未经所在地外汇局批准，境内债务人应暂停办理新的提款。,A．对    B．错,2,A,题解
3,境内企业（包括中资企业和外商投资企业，不含金融机构）外债资金均可按照意愿结汇方式办理结汇手续。,A．对    B．错,2,A,题解
3,资本项目-结汇待支付账户内的人民币资金不得购汇划回资本项目外汇账户。,A．对    B．错,2,A,题解
3,境内直接投资应按照有关规定办理国际收支统计申报。,A．对    B．错,2,A,题解
3,在实行资本项目外汇收入意愿结汇的同时，境内机构仍可选择按照支付结汇制使用其外汇收入。,A．对    B．错,2,A,题解
3,境外投资者可以开立境外机构人民币专用存款账户和一般存款账户，但不能开立人民币基本存款账户。,A．对    B．错,2,B,题解
3,外汇资本金账户的开户必须得到外汇局的核准，银行凭外汇局的核准件办理。,A．对    B．错,2,B,题解
3,内保外贷项下债务人还清担保项下债务、担保人付款责任到期或发生担保履约后，担保人应办理内保外贷登记注销手续。,A．对    B．错,2,A,题解
3,为优化外债登记管理流程，可直接至银行办理外债签约登记。,A．对    B．错,2,B,题解
3,经办行应审核企业外汇资本金结汇所得人民币资金用途的合规性、真实性，认真履行发票核查手续，应在发票等相关凭证复印件上批注已办理资本金结汇金额和日期，加盖银行业务章。,A．对    B．错,2,B,题解
3,境内机构的资本项目外汇收入及其结汇所得人民币资金，可用于自身经营范围内的经常项下支出，以及法律法规允许的资本项下支出。,A．对    B．错,2,A,题解
3,国家外汇管理局对人民币合格境外机构投资者发起设立开放式基金投资额度实行发生额管理。,A．对    B．错,2,B,题解
3,凭借在外汇局系统内打印的前期费用登记信息为外国投资者开立前期费用专用账户，最多能开立二个。,A．对    B．错,2,B,题解
3,前期费用账户内资金来源限于境外汇入（非居民存款账户、离岸账户视同境外），不得以现钞存入，账户内资金不得用于质押贷款、发放委托贷款。,A．对    B．错,2,A,题解
3,一笔外债可开立多个外债专用账户，一笔外债最多开立一个还本付息专用账户。,A．对    B．错,2,B,题解
3,债务人为财政部门的，应在每月初 10 个工作日内向外汇局报送上月外债的签约、提款、 结汇、购汇、偿还和账户变动情况等数据。,A．对    B．错,2,A,题解
3,非银行债务人外债专用账户中的利息收入可参照经常项目管理规定办理结汇。,A．对    B．错,2,A,题解
3,因特殊经营需要，非银行债务人需在所属分局辖区以外选择开户银行，或者开立外债账户超出规定个数的，应当经所在地外汇局核准。,A．对    B．错,2,A,题解
3,长期外债是指债务人和债权人签订的约定还款期限在1 年以上（不含）的外债。,A．对    B．错,2,A,题解
3,外币代兑机构办理业务时具备不少于3名经授权银行培训合格的从事外币兑换业务的工作人员。,A．对    B．错,2,B,题解
3,外债转贷款需在外汇局进行逐笔登记和汇兑审批。,A．对    B．错,2,B,题解
3,合格境外机构投资者在中国境内证券投资，应向外汇局申请投资额度，投资额度获批后可根据需要提出增加投资额度的要求。,A．对    B．错,2,B,题解
3,境内非居民通过境内银行与境外（包括居民与非居民）发生的收付款，境内银行应在基础信息中的“对方付款人/收款人名称”前添加“（JN）”（半角大写英文字符）字样。,A．对    B．错,2,B,题解
3,银行授权外币代兑机构办理外币兑换业务，应在授权协议签署后20个工作日内，将授权协议、外币代兑机构营业执照等基本信息向所在地外汇局报告。,A．对    B．错,2,A,题解
3,担保人办理内保外贷业务，担保人为非银行金融机构或企业（以下简称为非银行机构）的，应在签订担保合同后15个工作日内到所在地外汇局办理内保外贷签约登记手续。,A．对    B．错,2,A,题解
3,前期费用外汇账户的开立，账户应以外国投资者的名义开立。,A．对    B．错,2,A,题解
3,银行和外币代兑机构须保留外币兑换水单、客户身份证件复印件5年备查。,A．对    B．错,2,A,题解
3,非银行机构发生担保履约的，可凭加盖外汇局印章的担保登记文件直接到银行办理担保履约项下购汇及对外支付。,A．对    B．错,2,A,题解
3,发生外保内贷履约的，经外汇局批准后，金融机构可与境外担保人办理担保履约收款。,A．对    B．错,2,B,题解
3,银行在为非银行债务人办理外债提款时，应在资本项目信息系统查看该笔业务的相关控制信息表，且查明在尚可提款金额内，方可为非银行债务人办理相关手续。,A．对    B．错,2,A,题解
3,境内金融机构在向中资企业和外商投资企业发放人民币贷款时，可以接受债务人提供的外汇质押，质押外汇来源仅限于经常项目外汇账户（出口收汇待核查账户除外）内的资金。,A．对    B．错,2,A,题解
3,如债务人发生违约，由贷款行按未偿还人民币贷款本息和相关费用金额以及当日该行挂牌的现汇买入价，计算应收外汇金额并直接办理结汇，剩余部分外汇划回原资金划出账户。,A．对    B．错,2,A,题解
3,人民币合格境外投资者可以转让、转卖境内证券投资相关的投资额度给其他机构或个人使用。,A．对    B．错,2,B,题解
3,国家外汇管理局对人民币合格境外投资者发起设立开放式基金投资额度实行余额管理，开放式基金累计净汇入的人民币资金不得超过经批准的投资额度。,A．对    B．错,2,A,题解
3,外商投资企业以外汇资本金质押所得人民币贷款资金以存款形式存放，再以质押外汇资本金结汇偿还人民币贷款及利息的行为，属于非法使用外汇行为。,A．对    B．错,2,A,题解
3,境内机构可以按照相关规定，向境外直接投资企业提供商业贷款或融资性对外担保。,A．对    B．错,2,A,题解
3,留学及教育相关旅行的交易代码区分为一年以上、一年及一年以下，两类编码的选择视申报主体计划或意向的留学及教育时间而定。对不确定时间的留学及教育则视同为一年以上的留学及教育。,A．对    B．错,2,A,题解
3,外汇资本金账户可在不同银行开立多个，但不允许异地开户。,A．对    B．错,2,B,题解
3,银行为外商投资企业办理资本金结汇的累计金额不得超过该外商投资企业资本金的累计验资金额。,A．对    B．错,2,A,题解
3,境外放款实行发生额累计管理，境内企业在外汇局核准的境外放款额度内，可一次或者分次向境外汇出资金。,A．对    B．错,2,B,题解
3,资本项目项下个人外汇业务按照可兑换原则管理。,A．对    B．错,2,B,题解
3,国内外汇资金主账户与国际外汇资金主账户之间净融入额不得超过境内成员企业集中的外债额度，但净融出额允许超过境内成员企业集中的对外放款额度。,A．对    B．错,2,B,题解
3,跨国公司可以根据经营需要，同时开立国内、国际外汇资金账户，也可以选择开立其中任何一个账户。,A．对    B．错,2,A,题解
3,境内债务人因外保内贷项下担保履约形成的对外负债，其未偿本金余额不得超过其上年度末经审计的净资产数额的50%。,A．对    B．错,2,B,题解
3,在华国际组织、国际组织驻华机构、外国驻华使领馆不属于中国居民，而其他境外法人驻华机构属于中国居民。,A．对    B．错,2,A,题解
3,未经外汇局批准，已存入外债转贷款账户用于还款的购汇或自有外汇资金，不得再次办理结汇手续。,A．对    B．错,2,A,题解
3,转贷款债务人获得的来源于政策性外债转贷款的外汇资金，不得办理结汇。,A．对    B．错,2,B,题解
3,代客远期售汇业务是指在未来某一时间形成客户购汇行为的人民币对外汇衍生产品业务。,A．对    B．错,2,A,题解
3,经外汇局登记的内保外贷，发生担保履约的，经外汇局批准，担保人可办理对外履约。,A．对    B．错,2,B,题解
3,境外直接投资前期费用（以下简称前期费用）累计汇出额不超过300万美元，或不超过中方投资总额15%的，境内机构可凭营业执照和组织机构代码证向所在地外汇局办理前期费用登记。,A．对    B．错,2,B,题解
3,企业本年度处置利润金额原则上不得超过最近一期财务审计报告中属于外方股东“应付股利”和“未分配利润”合计金额的限制。,A．对    B．错,2,B,题解
3,同一内保外贷业务下存在多个境内担保人的，多个担保需分别到所在地外汇局办理登记手续。,A．对    B．错,2,B,题解
3,境内公司加购其境外股票，可使用符合有关规定的境外资金，也可境内汇出资金。,A．对    B．错,2,A,题解
3,境内银行在境外设立的非法人分支机构，从境外债权人办理借款，或为境外机构向境内、外债权人提供担保，不纳入境内银行的外债或对外担保管理和统计。,A．对    B．错,2,A,题解
3,目前，凡境内企业（含中资企业、外商投资企业、金融机构）的外债资金均可按照意愿结汇方式办理结汇手续。,A．对    B．错,2,B,题解
3,境内机构的资本项目外汇收入及其结汇所得人民币资金可用于向非关联企业发放贷款，经营范围明确许可的情形除外。,A．对    B．错,2,B,题解
3,国际收支网上申报系统中《境外汇款申请书》“汇款币种与金额”的电子数据必须与汇款人填写的《境外汇款申请书》中“汇款币种与金额”一致。,A．对    B．错,2,B,题解
3,在我国境内的非居民通过境内银行办理的所有涉外收入和对外付汇都应按照实际的交易性质进行国际收支统计间接申报。,A．对    B．错,2,B,题解
3,采用福费廷方式办理的涉外收入，如该笔福费廷业务已在境内发生转让，则该笔涉外收入在第一家从境外收款的银行办理。,A．对    B．错,2,B,题解
3,商业银行分支机构已开办外汇业务的，增开结售汇业务，无须到当地外汇管理局办理备案手续。,A．对    B．错,2,B,题解
3,境内非居民通过境内银行与境内居民所发生的人民币收付款业务暂不进行国际收支统计间接申报。,A．对    B．错,2,B,题解
3,居民收到境内非居民支付的3100美元，收款银行告知客户应由付款人进行申报，这一做法是错误的。,A．对    B．错,2,A,题解
3,在国际收支中，判断居民与非居民的唯一标准是交易者的地域关系。,A．对    B．错,2,B,题解
3,某境外公司A开立的NRA账户上收到境外支付的货款100万美元，A公司应进行国际收支申报，申报类型是101010一般贸易收入。,A．对    B．错,2,B,题解
3,一笔申报业务中存在两种以上的款项性质，申报时应遵循的原则是金额从大。,A．对    B．错,2,B,题解
3,对于涉外收款中对方付款人的国别，应申报为该笔涉外收入对方付款人账户开户银行所在国家或地区。,A．对    B．错,2,B,题解
3,商业银行分支机构已开办外汇存、贷款业务的，如增办结汇、售汇业务只需要向人民银行报告即可。,A．对    B．错,2,B,题解
3,金融机构不得超出外汇管理局批准的业务范围从事结售汇业务活动。,A．对    B．错,2,A,题解
3,外商投资企业在境内取得外币利润在境内再投资不需要进行国际收支申报。,A．对    B．错,2,A,题解
3,跨境贸易人民币结算业务所引起的跨境人民币流量和存量信息属于国际收支统计申报范围，但无需办理国际收支统计申报。,A．对    B．错,2,B,题解
3,在中国境内居留1年以上的自然人属于中国居民，外国及香港、澳门、台湾地区在境内的留学生、就医人员、外国驻华使馆领馆外籍工作人员及其家属除外。,A．对    B．错,2,A,题解
3,按规定已提取但未使用完的服务贸易项下外币现钞，可以结汇或存入原提取外币现钞所使用的外汇账户。,A．对    B．错,2,A,题解
3,场内清算是指非居民交易商将交易资金通过交易所账户与居民交易商完成清算。,A．对    B．错,2,A,题解
3,如果一笔涉外收入涉及贸易和非贸易两种交易性质，应当根据大数原则申报金额较大的交易。,A．对    B．错,2,B,题解
3,境内非居民通过境内银行与境外发生的收付款，境内银行应在基础信息中“对方付款人/收款人名称”前添加JW字样。,A．对    B．错,2,A,题解
3,从国外或境外（包括港澳台地区）流入我国境内和从我国境内流出国外或境外的外汇资金，均应纳入国际收支间接申报的统计范围。,A．对    B．错,2,B,题解
3,境内机构、居民个人、驻华机构及来华人员只能在外汇指定银行办理结汇和售汇业务。,A．对    B．错,2,B,题解
3,涉外收付款的范围不包括境内居民通过境内银行与境内非居民发生的境内收付款；涉外收付款的币种包括外汇和人民币。,A．对    B．错,2,B,题解
3,银行应配合外汇局对规避额度及真实性管理的个人及相关机构的核查，并在个人外汇业务检测系统推送相关信息之日起的20天内，反馈个人结汇资金去向、购汇资金来源及外汇局要求的其他信息。,A．对    B．错,2,A,题解
3,境内居民向境外居民支付款项时，应按照境内居民的资金来源性质进行申报。,A．对    B．错,2,B,题解
3,境内居民对境内非居民汇款，应使用境内汇款申请书。,A．对    B．错,2,B,题解
3,境外汇款申请书中，交易编码及附言银行工作人员填写。,A．对    B．错,2,B,题解
3,对于逾期未申报的金融机构，采用“不申报、不解付”的惩罚性措施。,A．对    B．错,2,B,题解
3,所有境内同户名划转都可以不用向外管报送信息。,A．对    B．错,2,B,题解
3,国际收支申报中，“居民”和“非居民”的概念仅指机构，不包括个人。,A．对    B．错,2,B,题解
3,境内非居民通过境内银行与境外发生的收付款，“付款人/收款人常驻国家（地区）”填写为境外企业/个人的常驻国家或地区。,A．对    B．错,2,B,题解
3,除有特殊规定外，境内非居民通过境内银行与境外发生的收付款，其交易性质统一申报在“822030-境外存入款项/调出”项下。,A．对    B．错,2,A,题解
3,中国居民和在中国境内发生经济交易的非中国居民应当按照规定及时、准确、完整地申报国际收支信息。,A．对    B．错,2,A,题解
3,银行结售汇月报表中的远期结汇报表中不包含签约期权结汇的成交金额。,A．对    B．错,2,B,题解
3,境内机构存放境外账户收支，无需按照国际收支申报的有关规定报送相关收支信息。,A．对    B．错,2,B,题解
3,境内居民与境外居民发生的收入和支付款项，国别项应申报境外居民相应的境外居民境外账户开户银行所在国家或地区。,A．对    B．错,2,A,题解
3,发生涉外支出的申报主体，应在提交《境外汇款申请书》或《对外付款／承兑通知书》后的5个工作日内办理该款项的申报。,A．对    B．错,2,B,题解
3,根据国际收支统计口径，离岸转手买卖是指我国居民从非居民处购买货物，随后向另一非居民转售同一货物，而货物没有进入我国一线关境。,A．对    B．错,2,A,题解
3,国际收支申报编码“121030海关特殊监管区域及保税监管场所进出境物流货物”指从境外直接存入海关特殊监管区域、保税监管场所和从海关特殊监管区域及保税监管场所运往境外的仓储、分拨、配送、转口货物。,A．对    B．错,2,A,题解
3,国际收支统计申报范围为中国居民与非中国居民之间发生的一切经济交易以及中国居民对外金融资产、负债状况。,A．对    B．错,2,A,题解
3,境内非居民之间通过境内银行的境内收付款业务无须进行国际收支统计间接申报。,A．对    B．错,2,A,题解
3,对于境内居民与境外居民之间发生的跨境收入/支付款项，应按照境外居民的资金来源/用途性质进行申报。,A．对    B．错,2,A,题解
3,某企业在中国银行已经开通了网上申报业务，但到农业银行办理业务时，也需要为客户在网上申报系统中进行开通处理。,A．对    B．错,2,B,题解
3,某外商投资企业将资本金账户资金结汇用于支付货款，因为货款属于经常项目，因此该结汇统计在110一般贸易项下。,A．对    B．错,2,B,题解
3,对于被执行“不申报、不解付”特殊处理措施的机构申报主体，经办银行应当督促该机构首先逐笔补报其此前未按期申报的涉外收入款项，并通知其应以纸质申报方式完成其被执行特殊处理措施期间新收款项的申报。,A．对    B．错,2,A,题解
3,外国驻华使领馆、国际组织驻华机构和外交官个人与境内所发生的收付款也需进行国际收支间接申报。 ,A．对    B．错,2,B,题解
3,对于原始币种不足0.5货币单位的涉外收付款无需办理国际收支统计间接申报，即无需报送基础信息和申报信息。,A．对    B．错,2,A,题解
3,网上申报可不填写纸质《涉外收入申报单》，网上申报不排斥纸质申报，即选择纸质申报的申报主体仍可通过网上方式完成申报，并且同一笔业务纸质申报效力和网上申报相同。,A．对    B．错,2,B,题解
3,由于汇路原因引起的跨境收支、银行自身及银行之间发生的跨境收支以及非银行机构和个人的外币现钞（包括出国取现）不需要进行间接申报。,A．对    B．错,2,A,题解
3,申报主体通过境内银行进行涉外收付款，应根据真实交易性质履行国际收支申报义务，不考虑业务合规性。,A．对    B．错,2,A,题解
3,转口贸易的价差属于服务性收入，所以结汇时应统计在其他服务项下。,A．对    B．错,2,B,题解
3,当境内居民向境内非居民付款时，境内付款银行在办理时应就收款人情况询问境内居民，以便判断对方收款人是否为非居民。,A．对    B．错,2,A,题解
3,不结汇中转行在以原币方式向解付银行/结汇中转行划转涉外收入款项时，应将原始信息及时、准确、完整地逐笔传送到解付银行/结汇中转行，该原始信息应能够表明该笔款项为境外款项。解付银行/结汇中转行收到该笔款项后无需申报。,A．对    B．错,2,B,题解
3,单位基本情况表中如果代码录入错误，一旦保存，单位代码将无法修改，该单位基本情况表只能作停用处理，同时再录入正确的单位情况表。,A．对    B．错,2,B,题解
3,银行修改申报信息时，对于以接口导入方式处理的申报信息，银行应凭申报主体修改后的申报信息在其自身计算机处理系统中修改后重新导入国际收支网上申报系统（银行版）。,A．对    B．错,2,A,题解
3,某NRA账户向境外汇出一笔金额为100万美元的一般贸易货款，交易编码应为“121010”，交易附言为“一般贸易货款”。,A．对    B．错,2,B,题解
3,境内银行和机构申报主体应妥善留存纸质《单位基本情况表》5年以备查。,A．对    B．错,2,B,题解
3,对等值金额在3000美元以下（含）的对私涉外收入款项实行限额申报。,A．对    B．错,2,B,题解
3,境内居民与境外居民之间发生的跨境收付款，国别项应申报境外居民境外账户开户银行所在国家或地区。,A．对    B．错,2,A,题解
3,境内非居民收到来自境内居民的款项时应如实地进行国际收支统计间接申报。,A．对    B．错,2,B,题解
3,境内银行为居民个人和非居民个人开立的联名账户视为非居民账户,A．对    B．错,2,B,题解
3,境内居民与境内银行间因支付境内银行费用或归还境内银行贷款等导致境内居民向境内银行的境外账户支付款项属于国外交易，需进行国际收支申报。,A．对    B．错,2,B,题解
3,申报主体未在五个工作日内按规定办理涉外收入申报情节严重的，外汇局可对其实行“不申报、不解付”特殊处理。,A．对    B．错,2,A,题解
3,中国居民、非中国居民未按照规定进行国际收支统计申报的，由国家外汇管理局或其分支局依照《中华人民共和国统计法》的规定给予处罚。,A．对    B．错,2,B,题解
3,居民持卡人使用银联卡在境外ATM提现和POS消费，持卡人需进行间接申报。,A．对    B．错,2,B,题解
3,不足1美元的涉外收付款无需办理国际收支统计间接申报。,A．对    B．错,2,B,题解
3,转手买卖是指居民从非居民处购买货物，随后向另一非居民转售该货物，但货物没有进入居民一线关境。,A．对    B．错,2,A,题解
3,对金额在等值5000美元以下（含）的对私涉外收付款，实行限额下免申报，但境内非居民个人通过境内银行办理的与境外收付款除外。,A．对    B．错,2,A,题解
3,通过境内银行收到境外款项或向境外支付款项的非银行机构和个人，应及时、准确、完整地进行国际收支统计申报。,A．对    B．错,2,A,题解
3,一笔境外汇入汇款，有A银行直接将原币转给B银行解付，则应由A银行通知收款人办理国际收支申报。,A．对    B．错,2,B,题解
3,人寿保险和年金、非人寿保险、再保险、标准化担保服务所涉及的保费、费用申报在“225-保险服务”项下。,A．对    B．错,2,A,题解
3,申报主体采用信用证、保函、托收等汇款以外的结算方式办理涉外付款业务时，应当使用“境外汇款申请书”。,A．对    B．错,2,B,题解
3,在《涉外收入申报单》“本笔款项是否为保税货物项下收入”选择“是”还是“否”，可根据本笔款项是否实际对应保税货物项下收入填写，也可根据申报企业是否为区内企业进行选择。,A．对    B．错,2,B,题解
3,在国际收支间接申报中，对于境内银行离岸账户（OSA账户）和非居民账户（NRA账户）均应区分由居民开立和非居民开立。,A．对    B．错,2,B,题解
3,境内居民从境内银行收到的境内非居民的外汇汇入款项以及境内居民通过境内银行向境内非居民支付的外汇款项，均需办理国际收支申报。,A．对    B．错,2,A,题解
3,机构申报主体在开通涉外收入网上申报功能后其随后的涉外收入只能通过网上申报完成。,A．对    B．错,2,B,题解
3,对于不足0.5美元的涉外收付款无需办理国际收支统计间接申报，即无需报送基础信息和申报信息。,A．对    B．错,2,A,题解
3,涉外收支交易分类与代码（2014版）中一般贸易收入的代码仍然为101010。,A．对    B．错,2,B,题解
3,按照修订后的《国际收支统计申报办法》，国际收支统计申报范围为中国居民与非中国居民之间发生的一切经济交易，但不包括中国居民对外金融资产、负债状况。,A．对    B．错,2,B,题解
3,对国际收支申报数据的要求是及时性、完整性、准确性。,A．对    B．错,2,A,题解
3,根据《国际收支统计申报办法》第四条的规定，在我国境内设立的保税区也应进行国际收支统计申报。,A．对    B．错,2,A,题解
3,居民个人收到一笔2500美元的非贸易项下涉外收入必须如实的填写申报信息。,A．对    B．错,2,B,题解
3,金融机构代码是唯一标识境内从事金融业务的经济组织（金融机构）的十二位数字代码。,A．对    B．错,2,B,题解
3,船舶、飞机和其他运输设备的维护和维修，申报在“230000-别处未涵盖的维护和维修服务”项下。,A．对    B．错,2,A,题解
3,对于境内非居民通过境内银行与境外发生的收付款，为反映我国对外负债的变动情况，国别项应申报为境内非居民的常驻国家或地区。,A．对    B．错,2,A,题解
3,对退款交易进行国际收支申报时，已经在“收付款性质”栏位勾选“退款”，则无需在交易附言中再注明退款字样，也无需写明原申报单号码。,A．对    B．错,2,B,题解
3,为符合国际收支统计国际新标准，加强跨境资金流动监测，国家外汇管理局修订并发布涉外收支交易分类与代码。新代码自2014年5月1日起施行。,A．对    B．错,2,A,题解
3,境内非居民通过境内银行从境外收到的款项和对境外支付的款项，应由其自主进行国际收支统计申报，但无需填写涉外收付纸质凭证。,A．对    B．错,2,B,题解
3,对于涉外收款中对方付款人的国别，应申报为该笔涉外收入对方付款人账户开户银行所在国家或地区。,A．对    B．错,2,B,题解
3,境外居民，是指在境外办理收付款业务的中国居民。,A．对    B．错,2,A,题解
3,特殊机构代码是指全国组织机构代码管理中心向特殊机构统一赋予的、可作为认可特殊机构为有效机构的证明之一并供该机构在办理涉外业务时使用的专用代码，该代码不重复申领。,A．对    B．错,2,B,题解
3,申报主体以保函方式通过银行办理涉外付款业务时，应当填报《对外付款/承兑通知书》。,A．对    B．错,2,A,题解
3,资本项目项下交易编码不含“9”开头的交易编码。,A．对    B．错,2,B,题解
3,机构申报主体可以通过国际收支网上申报系统（企业版）完成涉外收入申报，并可以不填写纸质《涉外收入申报单》。选择网上申报方式的申报主体仍可以通过纸质申报方式完成涉外收入申报。,A．对    B．错,2,A,题解
3,外国驻华使领馆、国际组织驻华机构的跨境收付应进行国际收支统计间接申报，并申报在“232000－别处未涵盖的政府货物和服务”项下。外国驻华使领馆、国际组织驻华机构与境内所发生的收付款无需进行国际收支统计间接申报。,A．对    B．错,2,A,题解
3,只有“在中国境内发生经济交易的非中国居民”才需要履行申报义务，如果非中国居民在中国境内没有发生经济交易不需要申报。,A．对    B．错,2,B,题解
3,中国居民包括在中国工作居留1年以上的外国驻华使领馆人员的家属。,A．对    B．错,2,B,题解
3,境内居民收到境外居民汇入的款项时，应按照境外居民的资金来源性质进行申报。,A．对    B．错,2,A,题解
3,中国居民个人向国外移民，欲将其合法外汇汇往美国，以供海外生活所需，应申报为521030。,A．对    B．错,2,A,题解
3,纸质《单位基本情况表》的保存期限至少为24个月，保存期满后可自行销毁。              ,A．对    B．错,2,B,题解
3,李先生在国外某公司工作多年，因公意外负伤，国外公司汇给李先生10000美元的赔偿金，则该笔汇入款应申报在“225029-其他非寿险”项下。   ,A．对    B．错,2,B,题解
3,外汇局发现已核查的《单位基本情况表》关键要素有误，应通知机构申报主体住所/营业场所所在地外汇局进行修改。    ,A．对    B．错,2,A,题解
3,国际收支网上申报系统中的电子数据与汇款人填写的《境外汇款申请书》中的“汇款金额”栏位数字可以存在差异。,A．对    B．错,2,A,题解
3,境内某建筑公司在境外A国承包工程，该公司未在A国设立分支机构，且未将该工程委托给其他机构，其工程所需物资和设备在B国购买后直接运往A国工程地，对于境内某建筑公司从B国购买物资和设备而向B国支付的款项，应当申报在“224010-境外建设”项下。,A．对    B．错,2,A,题解
3,《国际收支统计申报办法》适用于中国境内所有地区，但在中国境内设立的保税区和保税仓库等除外。,A．对    B．错,2,B,题解
3,《境外汇款申请书》中的“汇款币种及金额”是指汇款人申请汇出的币种及金额，其中币种是指汇款人申请汇出的币种，而非客户账户币种；汇出金额为汇款人申请汇出金额（可能包含境内扣费费用）。,A．对    B．错,2,A,题解
3,纸质《涉外收入申报单》、《境外汇款申请书》和《对外付款/承兑通知书》的保存期限至少为24个月，保存期满后可自行销毁。,A．对    B．错,2,A,题解
3,申报主体是指通过境内银行办理涉外收付款业务的所有非银行机构。,A．对    B．错,2,B,题解
3,国际收支网上申报系统中的收付款金额为正整数，对于不足0.5美元的涉外收付款无需办理国际收支统计间接申报。,A．对    B．错,2,A,题解
3,境内居民和境内非居民通过境内银行发生涉外收付款时，应通过经办银行进行国际收支统计申报。,A．对    B．错,2,A,题解
3,银行办理电子银行个人结售汇业务，应使用电子银行专用柜员号；电子银行专用柜员号不得与柜台业务的柜员号交叉使用。,A．对    B．错,2,A,题解
3,银行因在境内从事纸黄金交易发生的涉外资金收付都应进行国际收支统计间接申报。,A．对    B．错,2,B,题解
3,根据《国际收支统计申报办法》，个人的居民身份认定是其在境内居留1年以上，留学生、就医人员、使馆人员及其家属也包括在内。,A．对    B．错,2,B,题解
3,福费廷、出口押汇、出口保理等业务在境内发生转让时，原始经办行应及时跟踪境外到款情况，境内受让银行应于收到境外款项的当日将收款日期、币种、金额等信息以书面形式通知原始经办行。,A．对    B．错,2,B,题解
3,申报主体未在境内银行规定的时间内将《对外付款/承兑通知书》返还境内银行的，境内银行按惯例不予付款。,A．对    B．错,2,B,题解
3,银行经营结售汇业务如发生重大外汇违规行为受到国家外汇管理局及其分支局处罚，自执行处罚2年内，该机构不得新授权下辖机构开办结售汇业务。,A．对    B．错,2,B,题解
3,对于申请涉外收入网上申报的机构申报主体，经办银行应登录国际收支网上申报系统（银行版）开通该机构的网上申报，并将系统自动生成的管理员用户名、用户密码和生效日期等信息告知给该机构。,A．对    B．错,2,B,题解
3,国际收支统计申报实行交易主体申报的原则，采取间接申报与直接申报、逐笔申报与定期申报相结合的办法。,A．对    B．错,2,A,题解
3,机构申报主体可以通过国际收支网上申报系统（企业版）完成涉外收入申报，但也需填写纸质《涉外收入申报单》。,A．对    B．错,2,B,题解
3,因交易对方账号错误或者销户导致退回的汇出汇款应直接删除原汇出申报信息。,A．对    B．错,2,A,题解
3,2014年5月1日开始正式启用新版的涉外收支交易分类与代码，同时启用新的国民经济行业分类及代码。,A．对    B．错,2,A,题解
3,境内居民向境内非居民支付款项，付款银行应当在基础信息中的对方收款人名称前添加“（JW）”字样。,A．对    B．错,2,B,题解
3,申报主体采用信用证保函、托收等汇款以外的结算方式办理涉外付款业务时，应当使用《境外汇款申请书》。,A．对    B．错,2,B,题解
3,非银行金融机构通过境内银行办理的国际收支业务不需要办理国际收支统计申报。,A．对    B．错,2,B,题解
3,边贸企业和个人与境外贸易机构开展边境贸易经营活动，可以使用人民币、毗领国家货币或者可自由兑换货币计价结算，也可以使用易货的方式结算。 ,A．对    B．错,2,A,题解
3,B类企业出口信用证收款金额为USD45801，解付银行扣除相关费用后，入账金额为USD45736，审核相关凭证后，核注可收汇额度USD45801为其办理划转手续。,A．对    B．错,2,B,题解
3,根据《货物贸易外汇管理指引》，外汇局结合非现场或现场核查结果，结合企业遵守外汇管理规定等情况，将企业分成A、B、C三类。根据《货物贸易外汇管理指引实施细则》，B、C类企业的分类监管有效期为1年,A．对    B．错,2,A,题解
3,C类企业不得办理转口贸易外汇收支。,A．对    B．错,2,A,题解
3,“货物贸易外汇收支企业名录”中B、C类企业的分类监管有效期为两年。,A．对    B．错,2,B,题解
3,对于已进行贸易信贷、贸易融资、转口贸易或差额等业务报告为收汇或进口数据，不得再进行贸易主体不一致业务报告。,A．对    B．错,2,A,题解
3,《对外付款/承兑通知书》中的“付款币种及金额”指付款人支付款项的币种和金额，不包含境内银行已扣除的费用。,A．对    B．错,2,B,题解
3,对不确定时间的留学及教育视同为一年以上的留学及教育。 ,A．对    B．错,2,A,题解
3,根据《国家外汇管理局关于改革和规范资本项目结汇管理政策的通知》规定，境内机构资本项目外汇收入意愿结汇所得人民币资金纳入结汇待核查账户管理。,A．对    B．错,2,B,题解
3,根据《国家外汇管理局关于进一步促进贸易投资便利化完善真实性审核的通知》规定，货物贸易外汇管理分类等级为A类的企业贸易外汇收入，暂不进入出口收入待核查账户，可直接进入经常项目外汇账户或结汇。,A．对    B．错,2,B,题解
3,银行终止与外币代兑机构办理外币兑换业务的，应在协议终止后30个工作日内向所在地外汇局报告。,A．对    B．错,2,B,题解
3,经常项目提前购汇及相应的付汇业务应在同一家银行网点办理，其中货物贸易项下预付货款的提前购汇以及服务贸易项下提前购汇，应在实际支付日期前7个工作日内办理,A．对    B．错,2,B,题解
3,外汇局对借用他人额度等方式规避额度及真实性管理的个人，列入“重点监测”名单管理。,A．对    B．错,2,B,题解
3,银行不得为境内企业办理境外直接投资资金的提前购付汇业务。,A．对    B．错,2,A,题解
3,申报主体通过境内银行进行涉外收付款，应根据真实交易性质履行国际收支统计申报义务，不考虑业务合规性。,A．对    B．错,2,A,题解
3,资本项目-结汇待支付账户内的人民币资金可以购汇划回资本项目外汇账户。,A．对    B．错,2,B,题解
3,同一笔离岸转手买卖业务可以不在同一家银行网点采用同一币种办理收支结算。,A．对    B．错,2,B,题解
3,进/出口退汇超过180天或因特殊原因无法原路退回的、资本项下汇入资金误入待核查账户，无需经外汇局审批均可办理。,A．对    B．错,2,B,题解
3,货物贸易外汇管理改革后，C类企业贸易外汇收支无需经外汇局逐笔登记均可办理。,A．对    B．错,2,B,题解
3,货物贸易外汇管理分类等级为A类的企业贸易外汇收入（不含退汇业务及离岸转手买卖业务）暂不进入出口收入待核查账户，可直接进入经常项目外汇账户或结汇。,A．对    B．错,2,A,题解
3,外汇局根据现场核查结果，结合企业遵守外汇管理规定等情况，将企业分成正常、关注、可疑三类。,A．对    B．错,2,B,题解
3,被列为B类的，企业应当于列入之日起30日内关闭境外账户并调回境外账户资金余额。,A．对    B．错,2,B,题解
3,待核查账户之间资金不得相互划转，账户资金按活期存款计息。,A．对    B．错,2,A,题解
3,企业应当按照“谁出口谁收汇、谁进口谁付汇”原则办理贸易外汇收支业务，捐赠项下进出口业务等外汇局另有规定的情况除外。,A．对    B．错,2,A,题解
3,A类企业转口贸易项下的出口收汇无须进入待核查账户。,A．对    B．错,2,B,题解
3,外汇局对企业出口收入存放境外业务实行登记管理。,A．对    B．错,2,A,题解
3,货物贸易外汇管理分类等级为B类的企业暂停办理离岸转手买卖外汇收支业务。,A．对    B．错,2,A,题解
3,国家外汇管理局分支局可对资金流与货物流严重不匹配或资金单向流动较大的企业发送风险提示函，要求其在5个工作日内说明情况。,A．对    B．错,2,B,题解
3,外汇局对于新列入名录的企业实施辅导期管理。在其首笔进出口业务发生之日起90天内，外汇局进行政策法规、系统操作等辅导。,A．对    B．错,2,B,题解
3,海关不得为不在名录的企业办理进出口业务。,A．对    B．错,2,B,题解
3,收汇款项入待核查账户时不需要查询名录状态。,A．对    B．错,2,B,题解
3,个人居民身份在实践中按照身份证、护照等有效证件中的国籍来认定。,A．对    B．错,2,A,题解
3,服务贸易项下误入待核查账户的款项，金融机构可根据企业说明及相关合同、发票等有关单证，直接为其办理从待核查账户结汇或划出。,A．对    B．错,2,A,题解
3,境内居民个人通过境内银行与境内非居民个人之间发生的人民币收付款暂不申报。,A．对    B．错,2,A,题解
3,境内居民通过境内银行与境外非居民发生的收入和支付款项，由境内居民分别按照其资金用途性质和资金来源进行申报。,A．对    B．错,2,B,题解
3,贸易项下融资放款及境外回款可直接进入企业经常项目外汇账户，无需进入待核查账户。,A．对    B．错,2,A,题解
3,名录登记属行政许可项目，实行属地管理原则，即企业受注册所在地国家外汇管理局分支局监管，应当到注册所在地外汇局办理相关业务。,A．对    B．错,2,A,题解
3,对单笔等值5万美元（含）以内的个人结汇和购汇应审核个人有效身份证件办理。,A．对    B．错,2,A,题解
3,存放境外资金调回境内无需进入出口收入待核查账户，可直接入经常项目外汇账户。,A．对    B．错,2,A,题解
3,企业转口贸易外汇收入应当先进入待核查账户。,A．对    B．错,2,A,题解
3,B类企业办理转口贸易项下付汇、开证或待核查账户结汇或划出手续时，银行需实施电子数据核查。,A．对    B．错,2,B,题解
